#,Company,Symbol,Portfolio%,Price,Chg,% Chg
1,Microsoft Corp,MSFT,7.23%,426.28,1.69,(0.40%)
2,Apple Inc.,AAPL,5.60%,169.67,1.22,(0.72%)
3,Nvidia Corp,NVDA,4.93%,853.54,-17.79,(-2.04%)
4,Amazon.com Inc,AMZN,3.88%,185.67,0.48,(0.26%)
5,"Meta Platforms, Inc. Class A",META,2.62%,516.9,-2.35,(-0.45%)
6,Alphabet Inc. Class A,GOOGL,2.09%,156.6,1.75,(1.13%)
7,Alphabet Inc. Class C,GOOG,1.76%,158.14,2.0,(1.28%)
8,Berkshire Hathaway Class B,BRK.B,1.73%,414.69,-1.28,(-0.31%)
9,Eli Lilly & Co.,LLY,1.42%,757.24,-20.05,(-2.58%)
10,Broadcom Inc.,AVGO,1.35%,1334.08,-2.02,(-0.15%)
11,Jpmorgan Chase & Co.,JPM,1.31%,197.15,-1.33,(-0.67%)
12,"Tesla, Inc.",TSLA,1.10%,176.88,3.9,(2.25%)
13,Exxon Mobil Corporation,XOM,1.10%,121.18,0.63,(0.52%)
14,Visa Inc.,V,1.01%,276.72,-1.04,(-0.37%)
15,Unitedhealth Group Incorporated,UNH,0.97%,459.72,3.72,(0.82%)
16,Mastercard Incorporated,MA,0.90%,472.16,-6.69,(-1.40%)
17,Procter & Gamble Company,PG,0.84%,156.66,0.62,(0.40%)
18,Johnson & Johnson,JNJ,0.84%,152.29,0.7,(0.46%)
19,"Home Depot, Inc.",HD,0.83%,361.42,-0.63,(-0.17%)
20,"Merck & Co., Inc.",MRK,0.73%,126.71,0.15,(0.12%)
21,Costco Wholesale Corp,COST,0.72%,718.59,6.78,(0.95%)
22,Abbvie Inc.,ABBV,0.69%,170.14,0.34,(0.20%)
23,"Salesforce, Inc.",CRM,0.67%,302.37,0.64,(0.21%)
24,Chevron Corporation,CVX,0.64%,162.0,0.73,(0.45%)
25,Advanced Micro Devices,AMD,0.63%,170.78,0.88,(0.52%)
26,Netflix Inc,NFLX,0.62%,618.2,-10.21,(-1.62%)
27,Bank of America Corporation,BAC,0.59%,37.73,0.23,(0.61%)
28,Walmart Inc.,WMT,0.59%,59.79,0.01,(0.02%)
29,"Pepsico, Inc.",PEP,0.53%,170.61,1.03,(0.61%)
30,Coca-Cola Company,KO,0.53%,59.72,0.45,(0.76%)
31,Linde Plc,LIN,0.51%,457.94,-3.73,(-0.81%)
32,"Thermo Fisher Scientific, Inc.",TMO,0.51%,589.2,10.4,(1.80%)
33,Adobe Inc.,ADBE,0.50%,492.55,8.27,(1.71%)
34,The Walt Disney Company,DIS,0.49%,117.97,0.62,(0.53%)
35,Accenture Plc,ACN,0.48%,334.45,2.65,(0.80%)
36,Wells Fargo & Co.,WFC,0.48%,57.58,-0.21,(-0.36%)
37,Oracle Corp,ORCL,0.45%,123.23,-1.12,(-0.90%)
38,"Cisco Systems, Inc.",CSCO,0.45%,50.01,1.77,(3.67%)
39,Mcdonald's Corporation,MCD,0.44%,269.44,1.88,(0.70%)
40,Qualcomm Inc,QCOM,0.44%,175.57,1.95,(1.12%)
41,Abbott Laboratories,ABT,0.44%,112.44,1.92,(1.74%)
42,Caterpillar Inc.,CAT,0.44%,371.9,-1.57,(-0.42%)
43,Intuit Inc,INTU,0.41%,644.09,-1.19,(-0.18%)
44,Applied Materials Inc,AMAT,0.40%,210.41,1.37,(0.66%)
45,International Business Machines Corporation,IBM,0.40%,189.31,-0.51,(-0.27%)
46,Verizon Communications,VZ,0.40%,40.84,-0.89,(-2.13%)
47,General Electric Company,GE,0.39%,154.49,-2.03,(-1.30%)
48,Comcast Corp,CMCSA,0.37%,40.15,-0.56,(-1.38%)
49,"Servicenow, Inc.",NOW,0.37%,782.22,-3.38,(-0.43%)
50,Intel Corp,INTC,0.37%,38.33,0.35,(0.92%)
51,Danaher Corporation,DHR,0.37%,249.8,5.55,(2.27%)
52,Conocophillips,COP,0.36%,132.25,-0.17,(-0.13%)
53,"Uber Technologies, Inc.",UBER,0.35%,75.14,0.11,(0.15%)
54,Texas Instruments Incorporated,TXN,0.35%,173.46,4.0,(2.36%)
55,Pfizer Inc.,PFE,0.34%,26.78,0.2,(0.75%)
56,Union Pacific Corp.,UNP,0.34%,240.79,0.5,(0.21%)
57,Amgen Inc,AMGN,0.33%,270.36,1.16,(0.43%)
58,Philip Morris International Inc.,PM,0.32%,91.07,0.75,(0.83%)
59,Lowe's Companies Inc.,LOW,0.32%,244.39,1.8,(0.74%)
60,S&p Global Inc.,SPGI,0.32%,435.0,0.89,(0.21%)
61,Intuitive Surgical Inc.,ISRG,0.31%,390.96,4.03,(1.04%)
62,"Micron Technology, Inc.",MU,0.31%,122.63,-0.32,(-0.26%)
63,Rtx Corporation,RTX,0.31%,101.6,-0.28,(-0.27%)
64,Goldman Sachs Group Inc.,GS,0.31%,410.71,0.17,(0.04%)
65,"Nextra Energy, Inc.",NEE,0.30%,65.38,0.52,(0.80%)
66,"Honeywell International, Inc.",HON,0.30%,198.41,0.65,(0.33%)
67,"Eaton Corporation, Plcs",ETN,0.30%,313.87,-11.95,(-3.67%)
68,American Express Company,AXP,0.29%,219.84,-4.27,(-1.91%)
69,Lam Research Corp,LRCX,0.29%,973.34,6.08,(0.63%)
70,Booking Holdings Inc.,BKNG,0.29%,3581.48,-19.69,(-0.55%)
71,Progressive Corporation,PGR,0.28%,204.81,-5.58,(-2.65%)
72,At&t Inc.,T,0.28%,16.9,-0.35,(-2.03%)
73,"Elevance Health, Inc.",ELV,0.27%,514.4,4.4,(0.86%)
74,Stryker Corporation,SYK,0.27%,350.91,1.16,(0.33%)
75,Citigroup Inc.,C,0.27%,61.66,-0.07,(-0.11%)
76,Morgan Stanley,MS,0.27%,94.08,0.87,(0.93%)
77,"Prologis, Inc.",PLD,0.27%,126.26,0.09,(0.07%)
78,"Blackrock, Inc.",BLK,0.26%,803.9,0.58,(0.07%)
79,Medtronic Plc,MDT,0.25%,83.8,0.89,(1.07%)
80,"Tjx Companies, Inc.",TJX,0.25%,97.1,0.87,(0.90%)
81,"Nike, Inc.",NKE,0.25%,91.0,1.0,(1.11%)
82,"United Parcel Service, Inc. Class B",UPS,0.25%,150.57,0.46,(0.31%)
83,The Charles Schwab Corporation,SCHW,0.25%,72.28,-0.09,(-0.12%)
84,Deere & Company,DE,0.24%,411.48,0.73,(0.18%)
85,The Cigna Group,CI,0.24%,357.48,-0.5,(-0.14%)
86,Boeing Company,BA,0.24%,178.12,-3.44,(-1.89%)
87,Vertex Pharmaceuticals Inc,VRTX,0.24%,404.48,0.26,(0.06%)
88,Bristol-Myers Squibb Co.,BMY,0.24%,51.6,0.5,(0.98%)
89,Chubb Limited,CB,0.24%,248.03,-5.13,(-2.03%)
90,Automatic Data Processing,ADP,0.23%,250.01,3.37,(1.37%)
91,"Marsh & Mclennan Companies, Inc.",MMC,0.23%,204.33,0.05,(0.02%)
92,Boston Scientific Corp.,BSX,0.23%,68.66,-0.03,(-0.04%)
93,Regeneron Pharmaceuticals Inc,REGN,0.23%,943.89,5.41,(0.58%)
94,Starbucks Corp,SBUX,0.23%,87.13,-0.06,(-0.07%)
95,"Analog Devices, Inc.",ADI,0.22%,204.12,7.43,(3.78%)
96,Lockheed Martin Corp.,LMT,0.22%,447.57,-4.81,(-1.06%)
97,"Fiserv, Inc.",FI,0.22%,155.38,-2.47,(-1.56%)
98,Kla Corporation,KLAC,0.21%,696.83,6.01,(0.87%)
99,Cvs Health Corporation,CVS,0.21%,73.36,-1.08,(-1.45%)
100,Blackstone Inc.,BX,0.21%,132.0,2.68,(2.07%)
101,"Mondelez International, Inc. Class A",MDLZ,0.21%,67.86,0.26,(0.38%)
102,American Tower Corporation,AMT,0.20%,192.81,4.6,(2.44%)
103,Synopsys Inc,SNPS,0.20%,568.99,-7.37,(-1.28%)
104,Gilead Sciences Inc,GILD,0.20%,69.94,0.52,(0.75%)
105,"Palo Alto Networks, Inc.",PANW,0.19%,279.13,10.55,(3.93%)
106,Cadence Design Systems,CDNS,0.19%,311.41,0.32,(0.10%)
107,"T-Mobile Us, Inc.",TMUS,0.19%,161.0,0.1,(0.06%)
108,"Chipotle Mexican Grill, Inc.",CMG,0.18%,2926.96,-4.57,(-0.16%)
109,Marathon Petroleum Corporation,MPC,0.18%,212.12,-4.86,(-2.24%)
110,"Eog Resources, Inc.",EOG,0.18%,137.06,1.61,(1.19%)
111,Intercontinental Exchange Inc.,ICE,0.18%,135.06,-1.82,(-1.33%)
112,Target Corporation,TGT,0.18%,171.63,1.93,(1.14%)
113,The Sherwin-Williams Company,SHW,0.18%,334.55,2.25,(0.68%)
114,Schlumberger Limited,SLB,0.18%,54.17,0.13,(0.24%)
115,Cme Group Inc.,CME,0.18%,209.78,-2.97,(-1.40%)
116,The Southern Company,SO,0.17%,70.59,0.53,(0.76%)
117,Zoetis Inc.,ZTS,0.17%,167.14,1.45,(0.88%)
118,"Waste Management, Inc.",WM,0.17%,206.48,-0.22,(-0.11%)
119,Arista Networks,ANET,0.17%,294.75,-2.63,(-0.88%)
120,Duke Energy Corporation,DUK,0.17%,97.32,1.01,(1.05%)
121,"Altria Group, Inc.",MO,0.17%,42.11,0.15,(0.36%)
122,"Equinix, Inc. Reit",EQIX,0.17%,801.24,13.05,(1.66%)
123,Parker-Hannifin Corporation,PH,0.17%,561.35,-4.58,(-0.81%)
124,Phillips 66,PSX,0.17%,165.41,-3.14,(-1.86%)
125,Colgate-Palmolive Company,CL,0.17%,87.65,-0.07,(-0.08%)
126,Illinois Tool Works Inc.,ITW,0.16%,262.58,0.54,(0.21%)
127,Freeport-Mcmoran Inc.,FCX,0.16%,51.3,1.3,(2.60%)
128,"Paypal Holdings, Inc.",PYPL,0.16%,67.0,0.66,(0.99%)
129,Csx Corporation,CSX,0.16%,35.95,-0.1,(-0.28%)
130,"Becton, Dickinson and Co.",BDX,0.16%,245.81,4.09,(1.69%)
131,Mckesson Corporation,MCK,0.16%,527.28,-4.95,(-0.93%)
132,"Airbnb, Inc. Class A",ABNB,0.16%,162.66,2.39,(1.49%)
133,Amphenol Corporation,APH,0.16%,114.98,-1.64,(-1.41%)
134,Trane Technologies Plc,TT,0.16%,301.22,-2.62,(-0.86%)
135,Transdigm Group Incorporated,TDG,0.16%,1215.93,-17.36,(-1.41%)
136,U.S. Bancorp,USB,0.16%,43.94,0.22,(0.50%)
137,General Dynamics Corporation,GD,0.15%,288.84,-4.29,(-1.46%)
138,"O'reilly Automotive, Inc.",ORLY,0.15%,1095.74,-11.5,(-1.04%)
139,Emerson Electric Co.,EMR,0.15%,114.25,-0.42,(-0.37%)
140,"Hca Healthcare, Inc.",HCA,0.15%,328.89,0.87,(0.27%)
141,Northrop Grumman Corp.,NOC,0.15%,454.66,-1.7,(-0.37%)
142,Pnc Financial Services Group,PNC,0.15%,161.4,0.44,(0.27%)
143,Paccar Inc,PCAR,0.15%,119.18,-3.33,(-2.72%)
144,Aon Plc Class A,AON,0.15%,319.4,-0.44,(-0.14%)
145,Fedex Corporation,FDX,0.15%,276.37,0.8,(0.29%)
146,Pioneer Natural Resource Co.,PXD,0.14%,272.28,1.77,(0.65%)
147,Nxp Semiconductors N.v.,NXPI,0.14%,251.83,6.91,(2.82%)
148,Marriot International Class A,MAR,0.14%,254.94,0.26,(0.10%)
149,Moody's Corporation,MCO,0.14%,397.89,1.82,(0.46%)
150,Valero Energy Corporation,VLO,0.14%,176.26,-4.63,(-2.56%)
151,Constellation Energy Corporation,CEG,0.14%,188.1,-3.88,(-2.02%)
152,Cintas Corp,CTAS,0.13%,677.72,0.3,(0.04%)
153,"Motorola Solutions, Inc.",MSI,0.13%,352.96,0.93,(0.26%)
154,"Roper Technologies, Inc.",ROP,0.13%,543.48,0.25,(0.05%)
155,"Ecolab, Inc.",ECL,0.13%,225.79,-1.0,(-0.44%)
156,Norfolk Southern Corp.,NSC,0.13%,253.39,3.13,(1.25%)
157,Edwards Lifesciences Corp,EW,0.13%,93.05,0.71,(0.77%)
158,Capital One Financial,COF,0.13%,143.52,-0.4,(-0.28%)
159,"American International Group, Inc.",AIG,0.13%,75.52,-2.33,(-2.99%)
160,"Dexcom, Inc.",DXCM,0.12%,140.45,0.51,(0.36%)
161,Hilton Worldwide Holdings Inc.,HLT,0.12%,209.91,-1.67,(-0.79%)
162,"Autozone, Inc.",AZO,0.12%,3043.62,-32.47,(-1.06%)
163,"Air Products & Chemicals, Inc.",APD,0.12%,239.66,2.03,(0.85%)
164,Ford Motor Company,F,0.12%,13.54,0.13,(0.97%)
165,"The Travelers Companies, Inc.",TRV,0.12%,223.84,-6.75,(-2.93%)
166,Arthur J. Gallagher & Co.,AJG,0.12%,244.13,-0.03,(-0.01%)
167,Autodesk Inc,ADSK,0.12%,247.93,2.04,(0.83%)
168,Truist Financial Corporation,TFC,0.12%,38.97,0.12,(0.31%)
169,General Motors Company,GM,0.12%,44.73,0.39,(0.88%)
170,Welltower Inc.,WELL,0.12%,92.0,0.21,(0.23%)
171,3m Company,MMM,0.12%,92.61,0.68,(0.74%)
172,Nucor Corporation,NUE,0.11%,199.88,-1.0,(-0.50%)
173,"Simon Property Group, Inc.",SPG,0.11%,150.19,-0.17,(-0.11%)
174,Copart Inc,CPRT,0.11%,56.69,0.41,(0.73%)
175,Carrier Global Corporation,CARR,0.11%,58.11,0.27,(0.47%)
176,Microchip Technology Inc,MCHP,0.11%,91.67,2.52,(2.83%)
177,"United Rentals, Inc.",URI,0.11%,696.76,-6.2,(-0.88%)
178,Ross Stores Inc,ROST,0.11%,139.92,-0.35,(-0.25%)
179,Williams Companies Inc.,WMB,0.11%,39.24,0.29,(0.74%)
180,D.R. Horton Inc.,DHI,0.11%,158.37,1.63,(1.04%)
181,"Super Micro Computer, Inc.",SMCI,0.11%,904.2,-24.3,(-2.62%)
182,"Oneok, Inc.",OKE,0.11%,79.87,-0.11,(-0.14%)
183,Public Storage,PSA,0.10%,293.34,5.72,(1.99%)
184,Newmont Corporation,NEM,0.10%,39.67,0.27,(0.69%)
185,Occidental Petroleum Corporation,OXY,0.10%,68.55,-0.18,(-0.26%)
186,"Metlife, Inc.",MET,0.10%,72.88,-0.9,(-1.22%)
187,Aflac Inc.,AFL,0.10%,83.17,-1.97,(-2.31%)
188,The Allstate Corporation,ALL,0.10%,168.33,-4.03,(-2.34%)
189,Te Connectivity Ltd,TEL,0.10%,147.87,3.09,(2.13%)
190,"W.W. Grainger, Inc.",GWW,0.10%,1007.71,-7.01,(-0.69%)
191,Sempra,SRE,0.10%,71.68,0.91,(1.29%)
192,Realty Income Corporation,O,0.10%,54.38,0.74,(1.38%)
193,"American Electric Power Company, Inc.",AEP,0.10%,85.08,0.81,(0.96%)
194,Iqvia Holdings Inc.,IQV,0.10%,245.33,3.83,(1.59%)
195,Johnson Controls International Plc,JCI,0.10%,65.66,0.81,(1.25%)
196,"Ameriprise Financial, Inc.",AMP,0.10%,429.59,-6.18,(-1.42%)
197,"Fortinet, Inc.",FTNT,0.10%,68.22,-0.17,(-0.25%)
198,Crown Castle Inc.,CCI,0.10%,102.0,1.81,(1.81%)
199,"Msci, Inc.",MSCI,0.10%,554.72,5.66,(1.03%)
200,"Digital Realty Trust, Inc.",DLR,0.10%,145.88,2.54,(1.77%)
201,Fastenal Co,FAST,0.10%,75.9,0.01,(0.01%)
202,"Fidelity National Information Services, Inc.",FIS,0.10%,73.87,0.79,(1.08%)
203,Bank of New York Mellon Corporation,BK,0.10%,57.2,0.18,(0.32%)
204,Hess Corporation,HES,0.10%,156.34,0.57,(0.37%)
205,"Constellation Brands, Inc.",STZ,0.10%,262.97,-3.03,(-1.14%)
206,Idexx Laboratories Inc,IDXX,0.10%,519.81,5.11,(0.99%)
207,Kimberly-Clark Corp.,KMB,0.10%,127.94,1.89,(1.50%)
208,Agilent Technologies Inc.,A,0.10%,147.4,2.94,(2.04%)
209,Dow Inc.,DOW,0.10%,59.87,0.35,(0.59%)
210,"Ametek, Inc.",AME,0.10%,181.18,0.26,(0.14%)
211,"Prudential Financial, Inc.",PRU,0.10%,114.3,-1.18,(-1.02%)
212,Lululemon Athletica Inc.,LULU,0.09%,358.8,-1.66,(-0.46%)
213,Lennar Corporation Class A,LEN,0.09%,165.99,0.98,(0.59%)
214,Monster Beverage Corporation,MNST,0.09%,55.75,0.1,(0.18%)
215,Cummins Inc.,CMI,0.09%,302.03,1.68,(0.56%)
216,"Dominion Energy, Inc",D,0.09%,49.55,0.77,(1.58%)
217,"Corteva, Inc.",CTVA,0.09%,57.52,0.0,(0.00%)
218,Old Dominion Freight Line,ODFL,0.09%,222.52,-2.17,(-0.97%)
219,Otis Worldwide Corporation,OTIS,0.09%,99.12,1.09,(1.11%)
220,"Cencora, Inc.",COR,0.09%,238.57,-1.79,(-0.74%)
221,Paychex Inc,PAYX,0.09%,126.59,2.74,(2.21%)
222,"L3harris Technologies, Inc.",LHX,0.09%,206.15,-2.35,(-1.13%)
223,"General Mills, Inc.",GIS,0.09%,70.18,0.18,(0.26%)
224,Humana Inc.,HUM,0.09%,319.62,2.62,(0.83%)
225,Centene Corporation,CNC,0.09%,72.71,-0.27,(-0.37%)
226,Sysco Corporation,SYY,0.09%,77.51,0.77,(1.00%)
227,Republic Services Inc.,RSG,0.09%,188.8,0.28,(0.15%)
228,Martin Marietta Materials,MLM,0.09%,610.63,-10.9,(-1.75%)
229,Costar Group Inc,CSGP,0.09%,95.69,1.47,(1.56%)
230,"Quanta Services, Inc.",PWR,0.09%,256.4,-5.86,(-2.23%)
231,Ingersoll Rand Inc.,IR,0.09%,93.5,-0.51,(-0.54%)
232,"Yum! Brands, Inc.",YUM,0.09%,137.02,1.8,(1.33%)
233,Exelon Corporation,EXC,0.09%,37.87,0.09,(0.24%)
234,Ge Healthcare Technologies Inc.,GEHC,0.09%,86.94,-0.77,(-0.88%)
235,"Diamondback Energy, Inc.",FANG,0.08%,205.53,-1.04,(-0.50%)
236,"Gartner, Inc.",IT,0.08%,469.89,-1.98,(-0.42%)
237,Halliburton Company,HAL,0.08%,40.98,0.02,(0.05%)
238,The Kroger Co.,KR,0.08%,55.42,0.05,(0.09%)
239,Pg&e Corporation,PCG,0.08%,16.99,0.18,(1.07%)
240,Vulcan Materials Company,VMC,0.08%,265.62,-4.1,(-1.52%)
241,Cognizant Technology Solutions,CTSH,0.08%,71.56,0.5,(0.70%)
242,"Kinder Morgan, Inc.",KMI,0.08%,18.48,0.12,(0.65%)
243,Ge Vernova Inc.,GEV,0.08%,132.17,2.21,(1.70%)
244,Arch Capital Group Ltd,ACGL,0.08%,91.22,-3.33,(-3.52%)
245,"Moderna, Inc.",MRNA,0.08%,111.6,6.51,(6.19%)
246,Kenvue Inc.,KVUE,0.08%,20.35,0.29,(1.45%)
247,Dollar General Corp.,DG,0.08%,153.39,-3.35,(-2.14%)
248,Baker Hughes Company,BKR,0.08%,34.19,-0.06,(-0.18%)
249,Devon Energy Corporation,DVN,0.08%,54.14,0.71,(1.33%)
250,Cdw Corporation,CDW,0.08%,254.25,-0.01,(-0.00%)
251,The Estee Lauder Companies Inc. Class A,EL,0.08%,148.55,3.12,(2.15%)
252,Archer Daniels Midland Company,ADM,0.08%,63.9,0.72,(1.14%)
253,"Global Payments, Inc.",GPN,0.08%,128.16,0.1,(0.08%)
254,Public Service Enterprise Group Incorporated,PEG,0.08%,67.2,0.41,(0.61%)
255,"Ppg Industries, Inc.",PPG,0.08%,142.2,2.29,(1.64%)
256,"Verisk Analytics, Inc.",VRSK,0.08%,229.36,2.98,(1.32%)
257,"Dupont De Nemours, Inc.",DD,0.08%,77.28,1.0,(1.31%)
258,Royal Caribbean Group,RCL,0.07%,133.18,-5.11,(-3.70%)
259,"Monolithic Power Systems, Inc.",MPWR,0.07%,682.15,0.83,(0.12%)
260,"Rockwell Automation, Inc.",ROK,0.07%,286.83,4.78,(1.69%)
261,Keurig Dr Pepper Inc.,KDP,0.07%,31.01,0.21,(0.68%)
262,Electronic Arts Inc,EA,0.07%,130.69,0.69,(0.53%)
263,"Equifax, Incorporated",EFX,0.07%,262.74,3.71,(1.43%)
264,"Extra Space Storage, Inc.",EXR,0.07%,152.39,3.32,(2.23%)
265,Discover Financial Services,DFS,0.07%,125.34,-0.37,(-0.29%)
266,"Consolidated Edison, Inc.",ED,0.07%,91.13,0.53,(0.58%)
267,"The Hartford Financial Services Group, Inc.",HIG,0.07%,98.87,-3.89,(-3.79%)
268,Vici Properties Inc.,VICI,0.07%,29.8,0.17,(0.57%)
269,Fair Isaac Corporation,FICO,0.07%,1219.08,-19.8,(-1.60%)
270,Xylem Inc,XYL,0.07%,128.93,1.18,(0.92%)
271,"Delta Air Lines, Inc.",DAL,0.07%,47.32,0.31,(0.66%)
272,Ansys Inc,ANSS,0.07%,344.5,0.4,(0.12%)
273,"Xcel Energy, Inc.",XEL,0.07%,54.37,0.29,(0.54%)
274,Biogen Inc.,BIIB,0.07%,206.52,1.57,(0.77%)
275,Fortive Corporation,FTV,0.07%,84.19,-0.03,(-0.04%)
276,On Semiconductor Corp,ON,0.07%,70.94,2.19,(3.19%)
277,The Kraft Heinz Company,KHC,0.07%,37.16,0.11,(0.30%)
278,The Hershey Company,HSY,0.07%,194.58,0.39,(0.20%)
279,"West Pharmaceutical Services, Inc.",WST,0.07%,392.38,-0.2,(-0.05%)
280,"Cbre Group, Inc.",CBRE,0.07%,96.2,-0.31,(-0.32%)
281,Mettler-Toledo International,MTD,0.06%,1336.6,32.33,(2.48%)
282,"Keysight Technologies, Inc.",KEYS,0.06%,160.05,1.3,(0.82%)
283,Willis Towers Watson Public Limited Companys,WTW,0.06%,265.1,-2.29,(-0.86%)
284,Resmed Inc.,RMD,0.06%,194.27,6.51,(3.47%)
285,Edison International,EIX,0.06%,70.89,0.21,(0.30%)
286,Charter Comm Inc Del Cl a,CHTR,0.06%,271.46,-1.59,(-0.58%)
287,Tractor Supply Co,TSCO,0.06%,253.19,3.62,(1.45%)
288,"Cardinal Health, Inc.",CAH,0.06%,108.07,-1.4,(-1.28%)
289,Wabtec Inc.,WAB,0.06%,147.86,-1.6,(-1.07%)
290,Ebay Inc,EBAY,0.06%,51.96,0.38,(0.74%)
291,Dollar Tree Inc.,DLTR,0.06%,127.33,-0.89,(-0.69%)
292,"Zimmer Biomet Holdings, Inc.",ZBH,0.06%,129.4,2.71,(2.14%)
293,Lyondellbasell Industries N.v. Class A,LYB,0.06%,104.76,0.93,(0.90%)
294,T Rowe Price Group Inc,TROW,0.06%,119.65,2.1,(1.79%)
295,"Avalonbay Communities, Inc.",AVB,0.06%,188.86,2.68,(1.44%)
296,Howmet Aerospace Inc.,HWM,0.06%,65.85,-0.88,(-1.32%)
297,Targa Resources Corp.,TRGP,0.06%,114.41,-1.56,(-1.35%)
298,"Wec Energy Group, Inc.",WEC,0.06%,81.91,0.58,(0.71%)
299,Hp Inc.,HPQ,0.06%,29.97,0.66,(2.25%)
300,Weyerhaeuser Company,WY,0.06%,35.03,0.61,(1.77%)
301,"Nvr, Inc.",NVR,0.06%,7972.85,101.7,(1.29%)
302,"Church & Dwight Co., Inc.",CHD,0.06%,101.89,0.4,(0.39%)
303,"Pultegroup, Inc.",PHM,0.06%,115.39,0.34,(0.30%)
304,"Builders Firstsource, Inc.",BLDR,0.06%,199.19,-1.31,(-0.65%)
305,Fifth Third Bancorp,FITB,0.06%,36.39,0.22,(0.61%)
306,Dover Corporation,DOV,0.06%,177.35,1.27,(0.72%)
307,Corning Incorporated,GLW,0.06%,32.55,0.36,(1.12%)
308,"Raymond James Financial, Inc.",RJF,0.06%,128.07,-1.92,(-1.48%)
309,Take-Two Interactive Software Inc,TTWO,0.06%,154.7,1.05,(0.68%)
310,Broadridge Financial Solutions Inc,BR,0.06%,207.24,2.37,(1.16%)
311,"Nasdaq, Inc.",NDAQ,0.05%,63.56,1.42,(2.29%)
312,State Street Corporation,STT,0.05%,76.64,0.25,(0.33%)
313,Western Digital Corp.,WDC,0.05%,72.65,-0.3,(-0.41%)
314,M&t Bank Corp.,MTB,0.05%,140.76,0.19,(0.14%)
315,Hewlett Packard Enterprise Company,HPE,0.05%,18.02,-0.12,(-0.66%)
316,"American Water Works Company, Inc",AWK,0.05%,121.85,1.83,(1.52%)
317,Iron Mountain Inc.,IRM,0.05%,79.2,0.46,(0.58%)
318,Sba Communications Corp,SBAC,0.05%,218.6,5.59,(2.62%)
319,Garmin Ltd,GRMN,0.05%,148.38,-0.62,(-0.42%)
320,Align Technology Inc,ALGN,0.05%,330.25,10.19,(3.18%)
321,Deckers Outdoor Corp,DECK,0.05%,867.81,-21.03,(-2.37%)
322,Dte Energy Company,DTE,0.05%,109.87,0.37,(0.34%)
323,Steel Dynamics Inc,STLD,0.05%,146.73,-1.12,(-0.76%)
324,Entergy Corporation,ETR,0.05%,106.32,0.56,(0.53%)
325,Hubbell Incorporated,HUBB,0.05%,409.17,-6.57,(-1.58%)
326,"Ulta Beauty, Inc.",ULTA,0.05%,454.8,2.02,(0.45%)
327,"Ptc, Inc",PTC,0.05%,187.14,0.73,(0.39%)
328,"Molina Healthcare, Inc.",MOH,0.05%,379.97,-1.59,(-0.42%)
329,"Corpay, Inc.",CPAY,0.05%,304.59,-2.27,(-0.74%)
330,"Netapp, Inc",NTAP,0.05%,104.15,-1.67,(-1.58%)
331,"Axon Enterprise, Inc.",AXON,0.05%,311.27,0.06,(0.02%)
332,Equity Residential,EQR,0.05%,64.47,0.67,(1.05%)
333,International Flavors & Fragrances Inc.,IFF,0.05%,86.38,1.29,(1.52%)
334,Aptiv Plc,APTV,0.05%,78.93,2.86,(3.76%)
335,Baxter International Inc.,BAX,0.05%,42.83,0.58,(1.37%)
336,Genuine Parts Company,GPC,0.05%,150.49,0.08,(0.05%)
337,Coterra Energy Inc.,CTRA,0.05%,27.88,-0.14,(-0.50%)
338,Steris Plc,STE,0.05%,214.72,2.07,(0.97%)
339,Ball Corporation,BALL,0.05%,67.36,0.75,(1.13%)
340,Eversource Energy,ES,0.05%,59.96,0.49,(0.82%)
341,Illumina Inc,ILMN,0.05%,133.57,3.45,(2.65%)
342,Invitation Homes Inc.,INVH,0.05%,35.57,0.23,(0.65%)
343,"Brown & Brown, Inc.",BRO,0.05%,84.56,-0.95,(-1.11%)
344,Ppl Corporation,PPL,0.05%,27.53,0.15,(0.55%)
345,Huntington Bancshares Inc,HBAN,0.05%,14.04,0.03,(0.21%)
346,Waters Corp,WAT,0.05%,345.03,5.99,(1.77%)
347,Firstenergy Corp.,FE,0.05%,38.47,0.1,(0.26%)
348,"Alexandria Real Estate Equities, Inc.",ARE,0.05%,129.6,2.89,(2.28%)
349,"The Cooper Companies, Inc.",COO,0.04%,98.92,0.29,(0.29%)
350,Teledyne Technologies Incorporated,TDY,0.04%,416.06,1.49,(0.36%)
351,Las Vegas Sands Corp.,LVS,0.04%,52.45,0.01,(0.02%)
352,"Cboe Global Markets, Inc.",CBOE,0.04%,179.13,-3.24,(-1.78%)
353,Veralto Corporation,VLTO,0.04%,89.2,1.53,(1.75%)
354,"First Solar, Inc.",FSLR,0.04%,184.7,5.48,(3.06%)
355,Cincinnati Financial Corp,CINF,0.04%,119.88,-2.02,(-1.66%)
356,Ameren Corporation,AEE,0.04%,73.99,0.65,(0.89%)
357,"Textron, Inc.",TXT,0.04%,96.31,-0.67,(-0.69%)
358,"Mccormick & Company, Incorporated Non-Vtg Cs",MKC,0.04%,75.63,0.0,(0.00%)
359,Regions Financial Corp.,RF,0.04%,20.69,0.29,(1.42%)
360,"Warner Bros. Discovery, Inc. Series a",WBD,0.04%,8.69,0.17,(2.00%)
361,"Darden Restaurants, Inc.",DRI,0.04%,158.31,0.37,(0.23%)
362,"Principal Financial Group, Inc.",PFG,0.04%,82.81,-1.81,(-2.14%)
363,Jacobs Solutions Inc.,J,0.04%,146.72,0.6,(0.41%)
364,Omnicom Group Inc.,OMC,0.04%,93.94,0.86,(0.92%)
365,Northern Trust Corp,NTRS,0.04%,88.12,0.11,(0.12%)
366,Hologic Inc,HOLX,0.04%,78.41,1.03,(1.33%)
367,Idex Corporation,IEX,0.04%,241.58,2.69,(1.13%)
368,Clorox Company,CLX,0.04%,144.02,-0.33,(-0.23%)
369,"Centerpoint Energy, Inc.",CNP,0.04%,28.28,0.06,(0.21%)
370,Laboratory Corporation of America Holdings,LH,0.04%,210.05,-0.07,(-0.03%)
371,Jabil Inc.,JBL,0.04%,136.53,-2.05,(-1.48%)
372,W.R. Berkley Corporation,WRB,0.04%,83.74,-3.1,(-3.57%)
373,"Leidos Holdings, Inc.",LDOS,0.04%,127.1,-2.14,(-1.66%)
374,Avery Dennison Corp.,AVY,0.04%,219.52,1.32,(0.60%)
375,"Expedia Group, Inc.",EXPE,0.04%,133.27,1.11,(0.84%)
376,Synchrony Financial,SYF,0.04%,42.33,-0.18,(-0.42%)
377,Domino's Pizza Inc.,DPZ,0.04%,498.45,-3.53,(-0.70%)
378,"Tyler Technologies, Inc.",TYL,0.04%,423.2,5.0,(1.20%)
379,"Ventas, Inc.",VTR,0.04%,44.01,0.52,(1.20%)
380,Masco Corporation,MAS,0.04%,76.73,-0.39,(-0.51%)
381,Atmos Energy Corporation,ATO,0.04%,116.64,0.31,(0.27%)
382,Cms Energy Corporation,CMS,0.04%,59.24,0.15,(0.25%)
383,Marathon Oil Corporation,MRO,0.04%,29.28,-0.21,(-0.71%)
384,Seagate Technology Holdings Plcs,STX,0.04%,89.53,0.38,(0.43%)
385,"Expeditors International of Washington, Inc.",EXPD,0.04%,121.0,2.71,(2.29%)
386,Packaging Corp of America,PKG,0.04%,189.86,-0.85,(-0.45%)
387,Southwest Airlines Co.,LUV,0.04%,29.05,0.4,(1.40%)
388,"Tyson Foods, Inc.",TSN,0.04%,59.41,0.32,(0.54%)
389,Factset Research Systems,FDS,0.04%,439.68,-0.59,(-0.13%)
390,"Nrg Energy, Inc.",NRG,0.04%,72.77,-1.04,(-1.41%)
391,Skyworks Solutions Inc,SWKS,0.04%,106.9,2.76,(2.65%)
392,Verisign Inc,VRSN,0.04%,189.69,2.52,(1.35%)
393,"Teradyne, Inc.",TER,0.04%,111.19,3.37,(3.13%)
394,"Everest Group, Ltd.",EG,0.04%,371.5,-9.61,(-2.52%)
395,Celanese Corporation,CE,0.04%,166.28,1.56,(0.95%)
396,"Citizens Financial Group, Inc.",CFG,0.04%,34.99,0.05,(0.14%)
397,Akamai Technologies Inc,AKAM,0.04%,107.57,1.75,(1.65%)
398,Jb Hunt Transport Services Inc,JBHT,0.04%,194.45,-0.43,(-0.22%)
399,Carnival Corporation,CCL,0.04%,15.5,-0.16,(-1.02%)
400,"Enphase Energy, Inc.",ENPH,0.04%,121.98,6.74,(5.85%)
401,"Essex Property Trust, Inc",ESS,0.04%,249.59,6.09,(2.50%)
402,"Best Buy Company, Inc.",BBY,0.04%,82.55,2.41,(3.01%)
403,Snap-on Incorporated,SNA,0.04%,293.99,0.68,(0.23%)
404,Trimble Inc.,TRMB,0.04%,62.97,0.79,(1.27%)
405,Albemarle Corporation,ALB,0.04%,129.16,-2.53,(-1.92%)
406,Bunge Global Sa,BG,0.04%,107.06,0.54,(0.51%)
407,"Epam Systems, Inc.",EPAM,0.04%,274.17,4.17,(1.54%)
408,"Mid-America Apartment Communities, Inc.",MAA,0.04%,135.38,2.66,(2.00%)
409,Pool Corporation,POOL,0.04%,400.08,3.25,(0.82%)
410,"Cf Industries Holding, Inc.",CF,0.03%,81.12,1.33,(1.67%)
411,Zebra Technologies Corporation,ZBRA,0.03%,306.17,9.3,(3.13%)
412,Kellanova,K,0.03%,57.12,-0.36,(-0.63%)
413,Eqt Corp,EQT,0.03%,37.95,1.11,(3.01%)
414,"Conagra Brands, Inc.",CAG,0.03%,31.28,0.0,(0.00%)
415,"Stanley Black & Decker, Inc.",SWK,0.03%,97.19,1.94,(2.04%)
416,Nordson Corp,NDSN,0.03%,273.76,2.51,(0.93%)
417,Live Nation Entertainment Inc.,LYV,0.03%,102.73,-0.07,(-0.07%)
418,Quest Diagnostics Inc.,DGX,0.03%,132.75,2.71,(2.08%)
419,"Host Hotels & Resorts, Inc.",HST,0.03%,20.72,0.17,(0.83%)
420,Keycorp,KEY,0.03%,15.53,0.08,(0.52%)
421,"United Airlines Holdings, Inc.",UAL,0.03%,43.44,0.13,(0.30%)
422,Viatris Inc.,VTRS,0.03%,11.82,0.07,(0.60%)
423,Loews Corporation,L,0.03%,75.19,-0.87,(-1.14%)
424,Lkq Corporation,LKQ,0.03%,51.86,0.36,(0.70%)
425,"Walgreens Boots Alliance, Inc",WBA,0.03%,19.18,0.02,(0.10%)
426,Pentair Plc,PNR,0.03%,83.72,0.41,(0.49%)
427,"Healthpeak Properties, Inc.",DOC,0.03%,19.34,0.36,(1.90%)
428,International Paper Co.,IP,0.03%,38.14,-0.07,(-0.18%)
429,Amcor Plcs,AMCR,0.03%,9.38,0.23,(2.51%)
430,Carmax Inc.,KMX,0.03%,83.39,0.52,(0.63%)
431,"Revvity, Inc.",RVTY,0.03%,110.72,4.31,(4.05%)
432,"Charles River Laboratories International, Inc.",CRL,0.03%,257.15,2.23,(0.87%)
433,Mgm Resorts International,MGM,0.03%,46.41,0.11,(0.24%)
434,"Rollins, Inc.",ROL,0.03%,45.01,-0.06,(-0.13%)
435,Gen Digital Inc.,GEN,0.03%,22.66,0.39,(1.75%)
436,Henry (Jack) & Associates,JKHY,0.03%,174.17,2.6,(1.52%)
437,Westrock Company,WRK,0.03%,49.15,-0.1,(-0.20%)
438,Alliant Energy Corporation,LNT,0.03%,49.99,0.54,(1.09%)
439,Kimco Realty Corp.,KIM,0.03%,18.95,0.29,(1.55%)
440,Molson Coors Beverage Company Class B,TAP,0.03%,67.33,0.7,(1.05%)
441,Aes Corporation,AES,0.03%,18.29,-0.01,(-0.05%)
442,"Evergy, Inc.",EVRG,0.03%,52.97,0.19,(0.36%)
443,"The Interpublic Group of Companies, Inc.",IPG,0.03%,31.75,0.28,(0.89%)
444,Eastman Chemical Company,EMN,0.03%,101.95,1.42,(1.41%)
445,The J.M. Smucker Company,SJM,0.03%,117.37,1.43,(1.23%)
446,Insulet Corporation,PODD,0.03%,178.01,7.97,(4.69%)
447,Juniper Networks Inc,JNPR,0.03%,37.18,0.05,(0.13%)
448,Allegion Public Limited Company,ALLE,0.03%,133.88,1.02,(0.77%)
449,"F5, Inc.",FFIV,0.03%,196.07,4.38,(2.28%)
450,"Huntington Ingalls Industries, Inc.",HII,0.03%,275.5,-10.18,(-3.56%)
451,"Udr, Inc.",UDR,0.03%,37.87,0.24,(0.64%)
452,"Lamb Weston Holdings, Inc.",LW,0.03%,80.44,2.64,(3.39%)
453,"Qorvo, Inc.",QRVO,0.03%,116.49,2.03,(1.77%)
454,Nisource Inc.,NI,0.03%,27.64,0.19,(0.69%)
455,Camden Property Trust,CPT,0.02%,103.58,1.45,(1.42%)
456,Bio-Techne Corp.,TECH,0.02%,71.23,3.01,(4.41%)
457,Apa Corporation,APA,0.02%,34.89,-0.15,(-0.43%)
458,A.O. Smith Corporation,AOS,0.02%,86.47,-0.5,(-0.57%)
459,"Bath & Body Works, Inc.",BBWI,0.02%,46.14,-0.61,(-1.30%)
460,The Mosaic Company,MOS,0.02%,33.31,0.75,(2.30%)
461,"Universal Health Services, Inc. Class B",UHS,0.02%,171.5,-0.13,(-0.08%)
462,"Catalent, Inc.",CTLT,0.02%,57.01,0.32,(0.56%)
463,Incyte Genomics Inc,INCY,0.02%,55.3,0.25,(0.45%)
464,Teleflex Incorporated,TFX,0.02%,223.79,6.89,(3.18%)
465,Wynn Resorts Ltd,WYNN,0.02%,106.49,0.5,(0.47%)
466,Hormel Foods Corporation,HRL,0.02%,35.31,0.2,(0.57%)
467,"Tapestry, Inc.",TPR,0.02%,42.69,-0.45,(-1.04%)
468,"Paycom Software, Inc.",PAYC,0.02%,207.82,5.96,(2.95%)
469,News Corporation Class A,NWSA,0.02%,25.51,-0.23,(-0.89%)
470,Regency Centers Corporation,REG,0.02%,60.2,1.01,(1.71%)
471,"Dayforce, Inc.",DAY,0.02%,64.1,1.55,(2.48%)
472,"Assurant, Inc.",AIZ,0.02%,178.8,-2.45,(-1.35%)
473,Henry Schein Inc,HSIC,0.02%,73.17,0.7,(0.97%)
474,Solventum Corporation,SOLV,0.02%,65.52,-1.49,(-2.22%)
475,"Match Group, Inc",MTCH,0.02%,35.11,1.06,(3.11%)
476,Globe Life Inc.,GL,0.02%,107.61,-0.24,(-0.22%)
477,Brown-Forman Corporation Class B,BF.B,0.02%,50.92,0.27,(0.53%)
478,"Caesars Entertainment, Inc.",CZR,0.02%,43.98,0.9,(2.09%)
479,American Airlines Group Inc.,AAL,0.02%,13.95,0.05,(0.36%)
480,"Boston Properties, Inc.",BXP,0.02%,65.3,2.06,(3.26%)
481,Campbell Soup Company,CPB,0.02%,44.45,0.73,(1.67%)
482,Marketaxess Holdings Inc.,MKTX,0.02%,226.5,2.18,(0.97%)
483,"C.H. Robinson Worldwide, Inc.",CHRW,0.02%,72.93,0.87,(1.21%)
484,Pinnacle West Capital Corporation,PNW,0.02%,74.62,0.54,(0.73%)
485,Generac Holdings Inc,GNRC,0.02%,140.22,4.71,(3.48%)
486,Borgwarner Inc.,BWA,0.02%,35.61,0.48,(1.37%)
487,Norwegian Cruise Line Holdings Ltd.s,NCLH,0.02%,19.41,0.02,(0.10%)
488,Robert Half Inc.,RHI,0.02%,75.89,0.3,(0.40%)
489,"Etsy, Inc.",ETSY,0.02%,68.67,2.57,(3.89%)
490,Fox Corporation Class A,FOXA,0.02%,31.35,0.14,(0.45%)
491,"Franklin Resources, Inc.",BEN,0.02%,27.54,0.28,(1.03%)
492,Invesco Ltd,IVZ,0.02%,16.94,0.02,(0.12%)
493,Fmc Corporation,FMC,0.02%,63.76,3.62,(6.02%)
494,Federal Realty Investment Trust,FRT,0.02%,102.9,1.86,(1.84%)
495,"Hasbro, Inc.",HAS,0.02%,57.33,-0.26,(-0.45%)
496,Davita Inc.,DVA,0.02%,134.08,0.35,(0.26%)
497,Comerica Incorporated,CMA,0.02%,54.46,0.47,(0.87%)
498,"Bio-Rad Laboratories, Inc.Class A",BIO,0.02%,339.48,13.16,(4.03%)
499,Ralph Lauren Corporation,RL,0.02%,169.68,-0.98,(-0.57%)
500,"Mohawk Industries, Inc.",MHK,0.01%,125.15,1.86,(1.51%)
501,Paramount Global Class B,PARA,0.01%,10.97,-0.09,(-0.81%)
502,Fox Corporation Class B,FOX,0.01%,28.8,0.17,(0.59%)
503,News Corporation Class B,NWS,0.01%,26.34,-0.18,(-0.68%)
